<?xml version="1.0" encoding="UTF-8" ?>

<!DOCTYPE mapper PUBLIC "-//mybatis.org//DTD Mapper 3.0//EN" 
	"http://mybatis.org/dtd/mybatis-3-mapper.dtd">

<mapper namespace="sql.pms">

	<insert id="insert" parameterType="phone">
		insert into
		phones (num, model,
		price, vcode)
		values( #{num},#{model},#{price},#{vcode} )
	</insert>

	<insert id="update" parameterType="phone">
		update phones
		set model=#{model}, price=#{price}, vcode=#{vcode}
		where num = #{num} 
	</insert>

	<select id="select" parameterType="phone"
		resultMap="phoneWithCompany">
		select p.num, p.model, p.price, p.vcode, c.vcode, c.vendor
		from phones
		p join company c using(vcode)
		<if test="num!=null">
			where num=#{num}
		</if>

	</select>

	<resultMap type="phone" id="phoneWithCompany">
		<id column="num" property="num" />
		<result column="model" property="model" />
		<result column="price" property="price" />
		<result column="vcode" property="vcode" />
		<association property="company" javaType="company">
			<id column="vcode" property="vcode" />
			<result column="vendor" property="vendor" />
		</association>
	</resultMap>

	<delete id="delete" parameterType="list">
		delete from phones
		where num IN
		<foreach collection="list" item="num" open="(" close=")"
			separator=",">
			#{num}
		</foreach>

	</delete>

	<select id="selectUser" parameterType="userInfo"
		resultType="userInfo">
		select * from userInfo
		where id = #{id}
		<if test="pw!=null">
			and pw=#{pw}
		</if>
	</select>

</mapper>






