<?xml version="1.0" encoding="UTF-8" ?>
<!DOCTYPE mapper PUBLIC "-//mybatis.org//DTD Mapper 3.0//EN"
	"http://mybatis.org/dtd/mybatis-3-mapper.dtd">

<mapper namespace="BookMapper">
	<insert id="insertBook" parameterType="bookVO">
		INSERT
		INTO book
		(isbn,title,catalogue, nation, publish_date ,publisher,
		author,price,currency, description)
		VALUES (#{isbn}, #{title}, #{catalogue}, #{nation}, #{publishDate}, #{publisher}, #{author},
		#{price}, #{currency}, #{description})
	</insert>
	<select id="getBooks" resultType="bookVO">
		SELECT
		isbn,title,catalogue,
		nation, publish_date ,publisher,
		author,price,currency, description
		FROM book
	</select>
	<select id="searchByTitle" parameterType="string"
		resultType="bookVO">
		SELECT
		isbn,title,catalogue, nation, publish_date
		,publisher, author,price,currency, description
		FROM book
		WHERE title LIKE '%${value}%'
	</select>
	<select id="searchByPublisher" parameterType="string"
		resultType="bookVO">
		SELECT
		isbn,title,catalogue, nation, publish_date
		,publisher,
		author,price,currency, description
		FROM book
		WHERE publisher LIKE '%${value}%'
	</select>
	<select id="searchByPrice" parameterType="string"
		resultType="bookVO">
		SELECT
		isbn,title,catalogue, nation, publish_date
		,publisher, author,price,currency, description
		FROM book
		WHERE price &lt;#{value}
	</select>
		<select id="searchByIsbn" parameterType="string"
		resultType="bookVO">
		SELECT
		isbn,title,catalogue, nation, publish_date
		,publisher, author,price,currency, description
		FROM book
		WHERE isbn = #{value}
	</select>
	<delete id="delete" parameterType="string">
		DELETE
		FROM book
		WHERE isbn = #{value}
	</delete>
	<select id="getIsbn" parameterType="string"
		resultType="bookVO">
		SELECT
		isbn,title,catalogue, nation, publish_date
		,publisher, author,price,currency, description
		FROM book
		WHERE title = #{value}
	</select>
	<update id="update" parameterType="bookVO">
		UPDATE
		book
		SET title=#{title}, author=#{author}, description=#{description}
		WHERE isbn=#{isbn}
	</update>
</mapper>

 
 
 
 
 
 
 
 
 
 
 
 
 
 
 
 
 
 